<?xml version="1.0"?>
<?xml-stylesheet type="text/xsl" href="showQuestions.xsl"?>
<assessmentItems>
	<assessmentItem complexity="3" subject="mikologia">
		<itemBody> 
			<p>Zein Amanita da jangarria?</p>
		</itemBody>
		<correctResponse>
			<value>Caesarea</value>
		</correctResponse>
		<incorrectResponses>
			<value>Phalloides</value>
			<value>Muscaria</value>
			<value>Virosa</value>
		</incorrectResponses>
	</assessmentItem>
	<assessmentItem complexity="3" subject="mikologia">
		<itemBody> 
			<p>Tripakiek zer dute kapela azpian?</p>
		</itemBody>
		<correctResponse>
			<value>Eztenak</value>
		</correctResponse>
		<incorrectResponses>
			<value>Filamenduak</value>
			<value>Himenioa</value>
			<value>Hodiak</value>
		</incorrectResponses>
	</assessmentItem>
	<assessmentItem complexity="5" subject="mikologia">
		<itemBody>
			<p>Eranztuna du</p>
		</itemBody>
		<correctResponse>
			<value>Galanpernak</value>
		</correctResponse>
		<incorrectResponses>
			<value>Gibel urdinak</value>
			<value>Esnegorriak</value>
			<value>Errotariak</value>
		</incorrectResponses>
	</assessmentItem>
	<assessmentItem complexity="4" subject="Animaliak">
		<itemBody>
			<p>Zein da Gonzalo imitatzen ari den animalia hau?</p>
		</itemBody>
		<correctResponse>
			<value>Panda Gorria</value>
		</correctResponse>
		<incorrectResponses>
			<value>Bonoboa</value>
			<value>Gorila</value>
			<value>Tximua</value>
		</incorrectResponses>
	</assessmentItem>
</assessmentItems>
