<?xml version="1.0"?>
<assessmentItems>
	<assessmentItem complexity="3" subject="mikologia" author="rarruabarrena001@ikasle.ehu.eus">
		<itemBody>
			<p>Zein Amanita da jangarria?</p>
		</itemBody>
		<correctResponse>
			<value>Caesarea</value>
		</correctResponse>
		<incorrectResponses>
			<value>Phalloides</value>
			<value>Muscaria</value>
			<value>Virosa</value>
		</incorrectResponses>
	</assessmentItem>
	<assessmentItem complexity="3" subject="mikologia" author="rarruabarrena001@ikasle.ehu.eus">
		<itemBody>
			<p>Tripakiek zer dute kapela azpian?</p>
		</itemBody>
		<correctResponse>
			<value>Eztenak</value>
		</correctResponse>
		<incorrectResponses>
			<value>Filamenduak</value>
			<value>Himenioa</value>
			<value>Hodiak</value>
		</incorrectResponses>
	</assessmentItem>
	<assessmentItem complexity="5" subject="mikologia" author="rarruabarrena001@ikasle.ehu.eus">
		<itemBody>
			<p>Eranztuna du</p>
		</itemBody>
		<correctResponse>
			<value>Galanpernak</value>
		</correctResponse>
		<incorrectResponses>
			<value>Gibel urdinak</value>
			<value>Esnegorriak</value>
			<value>Errotariak</value>
		</incorrectResponses>
	</assessmentItem>
<assessmentItem complexity="4" subject="Matematika" author="jvadillo005@ikasle.ehu.eus"><itemBody><p>Zein da segida honen hurrengo zenbakia? 4, 14, 194</p></itemBody><correctResponse><value>37634</value></correctResponse><incorrectResponses><value>1994</value><value>2554</value><value>0</value></incorrectResponses></assessmentItem><assessmentItem complexity="1" subject="Izenak" author="asalaberria009@ikasle.ehu.eus"><itemBody><p>Kaixo nola deitzen naiz?</p></itemBody><correctResponse><value>Ander</value></correctResponse><incorrectResponses><value>Salanueva</value><value>Salaberria</value><value>Bonobo</value></incorrectResponses></assessmentItem><assessmentItem complexity="1" subject="Izenak" author="asalaberria009@ikasle.ehu.eus"><itemBody><p>Kaixo nola deitzen naiz?</p></itemBody><correctResponse><value>Ander</value></correctResponse><incorrectResponses><value>Salanueva</value><value>Salaberria</value><value>Bonobo</value></incorrectResponses></assessmentItem></assessmentItems>
