<?xml version="1.0"?>
<assessmentItems>
	<assessmentItem complexity="3" subject="mikologia" author="rarruabarrena001@ikasle.ehu.eus">
		<itemBody>
			<p>Zein Amanita da jangarria?</p>
		</itemBody>
		<correctResponse>
			<value>Caesarea</value>
		</correctResponse>
		<incorrectResponses>
			<value>Phalloides</value>
			<value>Muscaria</value>
			<value>Virosa</value>
		</incorrectResponses>
	</assessmentItem>
	<assessmentItem complexity="3" subject="mikologia" author="rarruabarrena001@ikasle.ehu.eus">
		<itemBody>
			<p>Tripakiek zer dute kapela azpian?</p>
		</itemBody>
		<correctResponse>
			<value>Eztenak</value>
		</correctResponse>
		<incorrectResponses>
			<value>Filamenduak</value>
			<value>Himenioa</value>
			<value>Hodiak</value>
		</incorrectResponses>
	</assessmentItem>
	<assessmentItem complexity="5" subject="mikologia" author="rarruabarrena001@ikasle.ehu.eus">
		<itemBody>
			<p>Eranztuna du</p>
		</itemBody>
		<correctResponse>
			<value>Galanpernak</value>
		</correctResponse>
		<incorrectResponses>
			<value>Gibel urdinak</value>
			<value>Esnegorriak</value>
			<value>Errotariak</value>
		</incorrectResponses>
	</assessmentItem>
</assessmentItems>
